{"data_min": 2.8024761290978146, "data_max": 11.457590126484998, "scaled_mean": 49.503306884581995, "scaled_std": 38.42413311910192}
