{"data_min": 2.8000000000000007, "data_max": 11.200000000000003, "scaled_mean": 56.390476190476186, "scaled_std": 39.02898974885625}