{"data_min": 15.963523408425129, "data_max": 21.56289881624132, "scaled_mean": 57.6545368460295, "scaled_std": 36.591965781344136}
